First Name,Last Name,Email,Phone Number,Address
James,Butt,jbutt@gmail.com,504-845-1427,
Josephine,Darakjy,josephine_darakjy@darakjy.org,,
Art,Venere,,856-264-4130,8 W Cerritos Ave #54
Lenna,Paprocki,lpaprocki@hotmail.com,907-921-2010,639 Main St
Donette,Foller,donette.foller@cox.net,513-549-4561,34 Center St
Simona,Morasca,simona@morasca.com,419-800-6759,3 Mcauley Dr
Mitsue,Tollner,mitsue_tollner@yahoo.com,773-924-8565,7 Eads St
Leota,Dilliard,leota@hotmail.com,408-813-1105,7 W Jackson Blvd
Sage,Wieser,sage_wieser@cox.net,605-794-4895,5 Boston Ave #88
Kris,Marrier,kris@gmail.com,410-804-4694,228 Runamuck Pl #2808
Minna,Amigon,minna_amigon@yahoo.com,215-422-8694,2371 Jerrold Ave
Abel,Maclead,amaclead@gmail.com,631-677-3675,37275 St  Rt 17m M
Kiley,Caldarera,kiley.caldarera@aol.com,310-254-3084,25 E 75th St #69
Graciela,Ruta,gruta@cox.net,440-579-7763,98 Connecticut Ave Nw
Cammy,Albares,calbares@gmail.com,956-841-7216,56 E Morehead St
Mattie,Poquette,mattie@aol.com,602-953-6360,73 State Road 434 E
Meaghan,Garufi,meaghan@hotmail.com,931-235-7959,69734 E Carrillo St
Gladys,Rim,gladys.rim@rim.org,414-377-2880,322 New Horizon Blvd
Yuki,Whobrey,yuki_whobrey@aol.com,313-341-4470,1 State Route 27
Fletcher,Flosi,fletcher.flosi@yahoo.com,815-426-5657,394 Manchester Blvd
Bette,Nicka,bette_nicka@cox.net,610-492-4643,6 S 33rd St
Veronika,Inouye,vinouye@aol.com,408-813-4592,6 Greenleaf Ave
Willard,Kolmetz,willard@hotmail.com,972-896-4882,618 W Yakima Ave
Maryann,Royster,mroyster@royster.com,518-448-8982,74 S Westgate St
Alisha,Slusarski,alisha@slusarski.com,732-635-3453,3273 State St
Allene,Iturbide,allene_iturbide@cox.net,715-530-9863,1 Central Ave
Chanel,Caudy,chanel.caudy@caudy.org,913-899-1103,86 Nw 66th St #8673
Ezekiel,Chui,ezekiel@chui.com,410-235-8738,2 Cedar Ave #84
Willow,Kusko,wkusko@yahoo.com,212-934-5167,90991 Thorburn Ave
Bernardo,Figeroa,bfigeroa@aol.com,936-597-3614,386 9th Ave N
Ammie,Corrio,ammie@corrio.com,614-648-3265,74874 Atlantic Ave
Francine,Vocelka,francine_vocelka@vocelka.com,505-335-5293,366 South Dr
Ernie,Stenseth,ernie_stenseth@aol.com,201-387-9093,45 E Liberty St
Albina,Glick,albina@glick.com,732-782-6701,4 Ralph Ct
Alishia,Sergi,asergi@gmail.com,212-753-2740,2742 Distribution Way
Solange,Shinko,solange@shinko.com,504-265-8174,426 Wolf St
Jose,Stockham,jose@yahoo.com,212-569-4233,128 Bransten Rd
Rozella,Ostrosky,rozella.ostrosky@ostrosky.com,805-609-1531,17 Morena Blvd
Valentine,Gillian,valentine_gillian@gmail.com,210-300-6244,775 W 17th St
Kati,Rulapaugh,kati.rulapaugh@hotmail.com,785-219-7724,6980 Dorsett Rd
Youlanda,Schemmer,youlanda@aol.com,541-993-2611,2881 Lewis Rd
Dyan,Oldroyd,doldroyd@aol.com,913-645-8918,7219 Woodfield Rd
Roxane,Campain,roxane@hotmail.com,907-335-6568,1048 Main St
Lavera,Perin,lperin@perin.org,305-995-2078,678 3rd Ave
Erick,Ferencz,erick.ferencz@aol.com,907-227-6777,20 S Babcock St
Fatima,Saylors,fsaylors@saylors.org,952-479-2375,2 Lighthouse Ave
Jina,Briddick,jina_briddick@briddick.com,617-997-5771,38938 Park Blvd
Kanisha,Waycott,kanisha_waycott@yahoo.com,323-315-7314,5 Tomahawk Dr
Emerson,Bowley,emerson.bowley@bowley.org,608-658-7940,762 S Main St
Blair,Malet,bmalet@yahoo.com,215-794-4519,209 Decker Dr
